"Agda","2.6.1","https://src.fedoraproject.org/rpms/Agda"
"Agda-stdlib","1.3","https://src.fedoraproject.org/rpms/Agda-stdlib"
"Boolean","0.2.4","https://src.fedoraproject.org/rpms/ghc-Boolean"
"Cabal","3.0.1.0","https://src.fedoraproject.org/rpms/ghc"
"ConfigFile","1.1.4","https://src.fedoraproject.org/rpms/ghc-ConfigFile"
"DAV","1.3.4","https://src.fedoraproject.org/rpms/ghc-DAV"
"Decimal","0.5.1","https://src.fedoraproject.org/rpms/ghc-Decimal"
"Diff","0.4.0","https://src.fedoraproject.org/rpms/ghc-Diff"
"GLURaw","2.0.0.4","https://src.fedoraproject.org/rpms/ghc-GLURaw"
"Glob","0.10.0","https://src.fedoraproject.org/rpms/ghc-Glob"
"HSH","2.1.3","https://src.fedoraproject.org/rpms/ghc-HSH"
"HStringTemplate","0.8.7","https://src.fedoraproject.org/rpms/ghc-HStringTemplate"
"HTTP","4000.3.14","https://src.fedoraproject.org/rpms/ghc-HTTP"
"HUnit","1.6.0.0","https://src.fedoraproject.org/rpms/ghc-HUnit"
"HaXml","1.25.5","https://src.fedoraproject.org/rpms/ghc-HaXml"
"HsOpenSSL","0.11.4.18","https://src.fedoraproject.org/rpms/ghc-HsOpenSSL"
"HsOpenSSL-x509-system","0.1.0.4","https://src.fedoraproject.org/rpms/ghc-HsOpenSSL-x509-system"
"HsYAML","0.2.1.0","https://src.fedoraproject.org/rpms/ghc-HsYAML"
"HsYAML-aeson","0.2.0.0","https://src.fedoraproject.org/rpms/pandoc-citeproc"
"IOSpec","0.3.1.1","https://src.fedoraproject.org/rpms/ghc-IOSpec"
"IfElse","0.85","https://src.fedoraproject.org/rpms/ghc-IfElse"
"JuicyPixels","3.3.5","https://src.fedoraproject.org/rpms/ghc-JuicyPixels"
"MemoTrie","0.6.10","https://src.fedoraproject.org/rpms/ghc-MemoTrie"
"MissingH","1.4.3.0","https://src.fedoraproject.org/rpms/ghc-MissingH"
"MonadCatchIO-mtl","0.3.1.0","https://src.fedoraproject.org/rpms/ghc-MonadCatchIO-mtl"
"MonadCatchIO-transformers","0.3.1.3","https://src.fedoraproject.org/rpms/ghc-MonadCatchIO-transformers"
"MonadRandom","0.5.2","https://src.fedoraproject.org/rpms/ghc-MonadRandom"
"NumInstances","1.4","https://src.fedoraproject.org/rpms/ghc-NumInstances"
"ObjectName","1.1.0.1","https://src.fedoraproject.org/rpms/ghc-ObjectName"
"Only","0.1","https://src.fedoraproject.org/rpms/ghc-Only"
"OpenGLRaw","3.3.4.0","https://src.fedoraproject.org/rpms/ghc-OpenGLRaw"
"QuickCheck","2.13.2","https://src.fedoraproject.org/rpms/ghc-QuickCheck"
"RSA","2.4.1","https://src.fedoraproject.org/rpms/ghc-RSA"
"SHA","1.6.4.4","https://src.fedoraproject.org/rpms/ghc-SHA"
"STMonadTrans","0.4.4","https://src.fedoraproject.org/rpms/ghc-STMonadTrans"
"SafeSemaphore","0.10.1","https://src.fedoraproject.org/rpms/ghc-SafeSemaphore"
"ShellCheck","0.7.2","https://src.fedoraproject.org/rpms/ShellCheck"
"StateVar","1.2","https://src.fedoraproject.org/rpms/ghc-StateVar"
"Stream","0.4.7.2","https://src.fedoraproject.org/rpms/ghc-Stream"
"X11","1.9.1","https://src.fedoraproject.org/rpms/ghc-X11"
"X11-xft","0.3.1","https://src.fedoraproject.org/rpms/ghc-X11-xft"
"abstract-deque","0.3","https://src.fedoraproject.org/rpms/ghc-abstract-deque"
"abstract-par","0.3.3","https://src.fedoraproject.org/rpms/ghc-abstract-par"
"adjunctions","4.4","https://src.fedoraproject.org/rpms/ghc-adjunctions"
"aeson","1.4.7.1","https://src.fedoraproject.org/rpms/ghc-aeson"
"aeson-better-errors","0.9.1.0","https://src.fedoraproject.org/rpms/ghc-aeson-better-errors"
"aeson-compat","0.3.9","https://src.fedoraproject.org/rpms/ghc-aeson-compat"
"aeson-pretty","0.8.8","https://src.fedoraproject.org/rpms/ghc-aeson-pretty"
"aeson-yaml","1.0.6.0","https://src.fedoraproject.org/rpms/ghc-aeson-yaml"
"alex","3.2.5","https://src.fedoraproject.org/rpms/alex"
"annotated-wl-pprint","0.7.0","https://src.fedoraproject.org/rpms/ghc-annotated-wl-pprint"
"ansi-terminal","0.10.3","https://src.fedoraproject.org/rpms/ghc-ansi-terminal"
"ansi-wl-pprint","0.6.9","https://src.fedoraproject.org/rpms/ghc-ansi-wl-pprint"
"appar","0.1.8","https://src.fedoraproject.org/rpms/ghc-appar"
"array","0.5.4.0","https://src.fedoraproject.org/rpms/ghc"
"arrows","0.4.4.2","https://src.fedoraproject.org/rpms/ghc-arrows"
"asn1-encoding","0.9.6","https://src.fedoraproject.org/rpms/ghc-asn1-encoding"
"asn1-parse","0.9.5","https://src.fedoraproject.org/rpms/ghc-asn1-parse"
"asn1-types","0.3.4","https://src.fedoraproject.org/rpms/ghc-asn1-types"
"assoc","1.0.1","https://src.fedoraproject.org/rpms/ghc-cabal-helper"
"async","2.2.2","https://src.fedoraproject.org/rpms/ghc-async"
"atomic-write","0.2.0.7","https://src.fedoraproject.org/rpms/ghc-atomic-write"
"attempt","0.4.0.1","https://src.fedoraproject.org/rpms/ghc-attempt"
"attoparsec","0.13.2.4","https://src.fedoraproject.org/rpms/ghc-attoparsec"
"attoparsec-binary","0.2","https://src.fedoraproject.org/rpms/ghc-attoparsec-binary"
"attoparsec-iso8601","1.0.1.0","https://src.fedoraproject.org/rpms/ghc-attoparsec-iso8601"
"authenticate-oauth","1.6.0.1","https://src.fedoraproject.org/rpms/ghc-authenticate-oauth"
"auto-update","0.1.6","https://src.fedoraproject.org/rpms/ghc-auto-update"
"aws","0.22","https://src.fedoraproject.org/rpms/ghc-aws"
"base","4.13.0.0","https://src.fedoraproject.org/rpms/ghc"
"base-compat","0.11.1","https://src.fedoraproject.org/rpms/ghc-base-compat"
"base-compat-batteries","0.11.1","https://src.fedoraproject.org/rpms/ghc-base-compat-batteries"
"base-orphans","0.8.2","https://src.fedoraproject.org/rpms/ghc-base-orphans"
"base-prelude","1.3","https://src.fedoraproject.org/rpms/ghc-base-prelude"
"base-unicode-symbols","0.2.4.2","https://src.fedoraproject.org/rpms/ghc-base-unicode-symbols"
"base16-bytestring","0.1.1.7","https://src.fedoraproject.org/rpms/ghc-base16-bytestring"
"base64-bytestring","1.0.0.3","https://src.fedoraproject.org/rpms/ghc-base64-bytestring"
"basement","0.0.11","https://src.fedoraproject.org/rpms/ghc-basement"
"basic-prelude","0.7.0","https://src.fedoraproject.org/rpms/ghc-basic-prelude"
"bench","1.0.12","https://src.fedoraproject.org/rpms/bench"
"bencode","0.6.1.1","https://src.fedoraproject.org/rpms/ghc-bencode"
"bifunctors","5.5.7","https://src.fedoraproject.org/rpms/ghc-bifunctors"
"binary","0.8.7.0","https://src.fedoraproject.org/rpms/ghc"
"binary-orphans","1.0.1","https://src.fedoraproject.org/rpms/ghc-criterion"
"binary-shared","0.8.3","https://src.fedoraproject.org/rpms/ghc-binary-shared"
"bindings-DSL","1.0.25","https://src.fedoraproject.org/rpms/ghc-bindings-DSL"
"bitarray","0.0.1.1","https://src.fedoraproject.org/rpms/ghc-bitarray"
"blaze-builder","0.4.1.0","https://src.fedoraproject.org/rpms/ghc-blaze-builder"
"blaze-html","0.9.1.2","https://src.fedoraproject.org/rpms/ghc-blaze-html"
"blaze-markup","0.8.2.7","https://src.fedoraproject.org/rpms/ghc-blaze-markup"
"blaze-textual","0.2.1.0","https://src.fedoraproject.org/rpms/ghc-blaze-textual"
"bloomfilter","2.0.1.0","https://src.fedoraproject.org/rpms/ghc-bloomfilter"
"bower-json","1.0.0.1","https://src.fedoraproject.org/rpms/ghc-bower-json"
"boxes","0.1.5","https://src.fedoraproject.org/rpms/ghc-boxes"
"brainfuck","0.1.0.3","https://src.fedoraproject.org/rpms/brainfuck"
"brick","0.52.1","https://src.fedoraproject.org/rpms/ghc-brick"
"bsb-http-chunked","0.0.0.4","https://src.fedoraproject.org/rpms/ghc-bsb-http-chunked"
"bugzilla-redhat","0.3.1","https://src.fedoraproject.org/rpms/ghc-bugzilla-redhat"
"bustle","0.7.5","https://src.fedoraproject.org/rpms/bustle"
"byteable","0.1.1","https://src.fedoraproject.org/rpms/ghc-byteable"
"byteorder","1.0.4","https://src.fedoraproject.org/rpms/ghc-byteorder"
"bytestring","0.10.10.1","https://src.fedoraproject.org/rpms/ghc"
"bytestring-nums","0.3.6","https://src.fedoraproject.org/rpms/ghc-bytestring-nums"
"bytestring-show","0.3.5.6","https://src.fedoraproject.org/rpms/ghc-bytestring-show"
"bytestring-trie","0.2.5.0","https://src.fedoraproject.org/rpms/ghc-bytestring-trie"
"cab","0.2.18","https://src.fedoraproject.org/rpms/cab"
"cabal-doctest","1.0.8","https://src.fedoraproject.org/rpms/ghc-cabal-doctest"
"cabal-file-th","0.2.7","https://src.fedoraproject.org/rpms/ghc-cabal-file-th"
"cabal-helper","1.1.0.0","https://src.fedoraproject.org/rpms/ghc-cabal-helper"
"cabal-install","3.0.0.0","https://src.fedoraproject.org/rpms/cabal-install"
"cabal-plan","0.7.0.0","https://src.fedoraproject.org/rpms/ghc-cabal-helper"
"cabal-rpm","2.0.9","https://src.fedoraproject.org/rpms/cabal-rpm"
"cairo","0.13.8.1","https://src.fedoraproject.org/rpms/ghc-cairo"
"call-stack","0.2.0","https://src.fedoraproject.org/rpms/ghc-call-stack"
"casa-client","0.0.1","https://src.fedoraproject.org/rpms/haskell-platform"
"casa-types","0.0.1","https://src.fedoraproject.org/rpms/haskell-platform"
"case-insensitive","1.2.1.0","https://src.fedoraproject.org/rpms/ghc-case-insensitive"
"cassava","0.5.2.0","https://src.fedoraproject.org/rpms/ghc-cassava"
"cassava-megaparsec","2.0.1","https://src.fedoraproject.org/rpms/ghc-hledger-lib"
"cautious-file","1.0.2","https://src.fedoraproject.org/rpms/ghc-cautious-file"
"cborg","0.2.4.0","https://src.fedoraproject.org/rpms/ghc-cborg"
"cborg-json","0.2.2.0","https://src.fedoraproject.org/rpms/ghc-cborg-json"
"cereal","0.5.8.1","https://src.fedoraproject.org/rpms/ghc-cereal"
"chalmers-lava2000","1.6.1","https://src.fedoraproject.org/rpms/ghc-chalmers-lava2000"
"charset","0.3.7.1","https://src.fedoraproject.org/rpms/ghc-language-ecmascript"
"cheapskate","0.1.1.2","https://src.fedoraproject.org/rpms/ghc-cheapskate"
"chunked-data","0.3.1","https://src.fedoraproject.org/rpms/ghc-chunked-data"
"cipher-aes","0.2.11","https://src.fedoraproject.org/rpms/ghc-cipher-aes"
"clientsession","0.9.1.2","https://src.fedoraproject.org/rpms/ghc-clientsession"
"clock","0.8","https://src.fedoraproject.org/rpms/ghc-clock"
"cmark","0.6","https://src.fedoraproject.org/rpms/ghc-cmark"
"cmark-gfm","0.2.2","https://src.fedoraproject.org/rpms/ghc-cmark-gfm"
"cmdargs","0.10.20","https://src.fedoraproject.org/rpms/ghc-cmdargs"
"code-page","0.2","https://src.fedoraproject.org/rpms/ghc-code-page"
"codec-rpm","0.2.2","https://src.fedoraproject.org/rpms/ghc-codec-rpm"
"colour","2.3.5","https://src.fedoraproject.org/rpms/ghc-colour"
"comonad","5.0.6","https://src.fedoraproject.org/rpms/ghc-comonad"
"concatenative","1.0.1","https://src.fedoraproject.org/rpms/ghc-concatenative"
"concurrent-extra","0.7.0.12","https://src.fedoraproject.org/rpms/ghc-concurrent-extra"
"concurrent-output","1.10.12","https://src.fedoraproject.org/rpms/ghc-concurrent-output"
"cond","0.4.1.1","https://src.fedoraproject.org/rpms/ghc-cond"
"conduit","1.3.2","https://src.fedoraproject.org/rpms/ghc-conduit"
"conduit-extra","1.3.5","https://src.fedoraproject.org/rpms/ghc-conduit-extra"
"config-ini","0.2.4.0","https://src.fedoraproject.org/rpms/ghc-config-ini"
"connection","0.3.1","https://src.fedoraproject.org/rpms/ghc-connection"
"constraints","0.11.2","https://src.fedoraproject.org/rpms/ghc-shelly"
"containers","0.6.2.1","https://src.fedoraproject.org/rpms/ghc"
"contravariant","1.5.2","https://src.fedoraproject.org/rpms/ghc-contravariant"
"control-monad-free","0.6.2","https://src.fedoraproject.org/rpms/ghc-control-monad-free"
"cookie","0.4.5","https://src.fedoraproject.org/rpms/ghc-cookie"
"cpio-conduit","0.7.0","https://src.fedoraproject.org/rpms/ghc-cpio-conduit"
"cpphs","1.20.9.1","https://src.fedoraproject.org/rpms/cpphs"
"cprng-aes","0.6.1","https://src.fedoraproject.org/rpms/ghc-cprng-aes"
"criterion","1.5.6.2","https://src.fedoraproject.org/rpms/ghc-criterion"
"criterion-measurement","0.1.2.0","https://src.fedoraproject.org/rpms/ghc-criterion"
"crypto-api","0.13.3","https://src.fedoraproject.org/rpms/ghc-crypto-api"
"crypto-cipher-types","0.0.9","https://src.fedoraproject.org/rpms/ghc-crypto-cipher-types"
"crypto-pubkey-types","0.4.3","https://src.fedoraproject.org/rpms/ghc-crypto-pubkey-types"
"crypto-random","0.0.9","https://src.fedoraproject.org/rpms/ghc-crypto-random"
"cryptohash","0.11.9","https://src.fedoraproject.org/rpms/ghc-cryptohash"
"cryptohash-md5","0.11.100.1","https://src.fedoraproject.org/rpms/ghc-cryptohash-md5"
"cryptohash-sha1","0.11.100.1","https://src.fedoraproject.org/rpms/ghc-cryptohash-sha1"
"cryptohash-sha256","0.11.101.0","https://src.fedoraproject.org/rpms/ghc-cryptohash-sha256"
"cryptonite","0.26","https://src.fedoraproject.org/rpms/ghc-cryptonite"
"cryptonite-conduit","0.2.2","https://src.fedoraproject.org/rpms/ghc-cryptonite-conduit"
"css-text","0.1.3.0","https://src.fedoraproject.org/rpms/ghc-css-text"
"csv","0.1.2","https://src.fedoraproject.org/rpms/ghc-csv"
"curl","1.3.8","https://src.fedoraproject.org/rpms/ghc-curl"
"darcs","2.14.4","https://src.fedoraproject.org/rpms/darcs"
"data-accessor","0.2.3","https://src.fedoraproject.org/rpms/ghc-data-accessor"
"data-binary-ieee754","0.4.4","https://src.fedoraproject.org/rpms/ghc-data-binary-ieee754"
"data-clist","0.1.2.3","https://src.fedoraproject.org/rpms/ghc-data-clist"
"data-default","0.7.1.1","https://src.fedoraproject.org/rpms/ghc-data-default"
"data-default-class","0.1.2.0","https://src.fedoraproject.org/rpms/ghc-data-default-class"
"data-default-instances-containers","0.0.1","https://src.fedoraproject.org/rpms/ghc-data-default-instances-containers"
"data-default-instances-dlist","0.0.1","https://src.fedoraproject.org/rpms/ghc-data-default-instances-dlist"
"data-default-instances-old-locale","0.0.1","https://src.fedoraproject.org/rpms/ghc-data-default-instances-old-locale"
"data-fix","0.2.1","https://src.fedoraproject.org/rpms/ghc-data-fix"
"data-hash","0.2.0.1","https://src.fedoraproject.org/rpms/ghc-data-hash"
"data-inttrie","0.1.4","https://src.fedoraproject.org/rpms/ghc-data-inttrie"
"data-memocombinators","0.5.1","https://src.fedoraproject.org/rpms/ghc-data-memocombinators"
"data-ordlist","0.4.7.0","https://src.fedoraproject.org/rpms/darcs"
"data-reify","0.6.1","https://src.fedoraproject.org/rpms/ghc-data-reify"
"dataenc","0.14.0.7","https://src.fedoraproject.org/rpms/ghc-dataenc"
"date-cache","0.3.0","https://src.fedoraproject.org/rpms/ghc-date-cache"
"dbus","1.2.16","https://src.fedoraproject.org/rpms/ghc-dbus"
"dec","0.0.3","https://src.fedoraproject.org/rpms/ghc-servant"
"deepseq","1.4.4.0","https://src.fedoraproject.org/rpms/ghc"
"deepseq-generics","0.2.0.0","https://src.fedoraproject.org/rpms/ghc-deepseq-generics"
"dense-linear-algebra","0.1.0.0","https://src.fedoraproject.org/rpms/ghc-statistics"
"dhall","1.32.0","https://src.fedoraproject.org/rpms/dhall"
"dhall-json","1.6.4","https://src.fedoraproject.org/rpms/dhall-json"
"digest","0.0.1.2","https://src.fedoraproject.org/rpms/ghc-digest"
"directory","1.3.6.0","https://src.fedoraproject.org/rpms/ghc"
"disk-free-space","0.1.0.1","https://src.fedoraproject.org/rpms/ghc-disk-free-space"
"distributive","0.6.2","https://src.fedoraproject.org/rpms/ghc-distributive"
"djinn-ghc","0.0.2.3","https://src.fedoraproject.org/rpms/ghc-djinn-ghc"
"djinn-lib","0.0.1.3","https://src.fedoraproject.org/rpms/ghc-djinn-lib"
"dl-fedora","0.9","https://src.fedoraproject.org/rpms/dl-fedora"
"dlist","0.8.0.8","https://src.fedoraproject.org/rpms/ghc-dlist"
"dns","4.0.1","https://src.fedoraproject.org/rpms/ghc-dns"
"doclayout","0.3","https://src.fedoraproject.org/rpms/ghc-doctemplates"
"doctemplates","0.8.2","https://src.fedoraproject.org/rpms/ghc-doctemplates"
"doctest","0.16.3","https://src.fedoraproject.org/rpms/ghc-doctest"
"dotgen","0.4.3","https://src.fedoraproject.org/rpms/ghc-dotgen"
"easy-file","0.2.2","https://src.fedoraproject.org/rpms/ghc-fast-logger"
"echo","0.1.3","https://src.fedoraproject.org/rpms/ghc-echo"
"ed25519","0.0.5.0","https://src.fedoraproject.org/rpms/ghc-ed25519"
"edit-distance","0.2.2.1","https://src.fedoraproject.org/rpms/ghc-edit-distance"
"either","5.0.1.1","https://src.fedoraproject.org/rpms/ghc-either"
"email-validate","2.3.2.13","https://src.fedoraproject.org/rpms/ghc-email-validate"
"emojis","0.1","https://src.fedoraproject.org/rpms/pandoc"
"enclosed-exceptions","1.0.3","https://src.fedoraproject.org/rpms/ghc-enclosed-exceptions"
"entropy","0.4.1.6","https://src.fedoraproject.org/rpms/ghc-entropy"
"equivalence","0.3.5","https://src.fedoraproject.org/rpms/ghc-equivalence"
"erf","2.0.0.0","https://src.fedoraproject.org/rpms/ghc-erf"
"errors","2.3.0","https://src.fedoraproject.org/rpms/ghc-doctemplates"
"esqueleto","3.3.3.2","https://src.fedoraproject.org/rpms/ghc-esqueleto"
"exceptions","0.10.4","https://src.fedoraproject.org/rpms/ghc-exceptions"
"executable-path","0.0.3.1","https://src.fedoraproject.org/rpms/ghc-executable-path"
"explicit-exception","0.1.10","https://src.fedoraproject.org/rpms/ghc-explicit-exception"
"extensible-exceptions","0.1.1.4","https://src.fedoraproject.org/rpms/ghc-extensible-exceptions"
"extra","1.7.3","https://src.fedoraproject.org/rpms/ghc-extra"
"failure","0.2.0.3","https://src.fedoraproject.org/rpms/ghc-failure"
"fast-logger","3.0.1","https://src.fedoraproject.org/rpms/ghc-fast-logger"
"fbrnch","0.9.1.1","https://src.fedoraproject.org/rpms/fbrnch"
"fclabels","2.0.5","https://src.fedoraproject.org/rpms/ghc-fclabels"
"fdo-notify","0.3.1","https://src.fedoraproject.org/rpms/ghc-fdo-notify"
"feed","1.3.0.1","https://src.fedoraproject.org/rpms/ghc-feed"
"fgl","5.7.0.2","https://src.fedoraproject.org/rpms/ghc-fgl"
"file-embed","0.0.11.2","https://src.fedoraproject.org/rpms/ghc-file-embed"
"filelock","0.1.1.5","https://src.fedoraproject.org/rpms/haskell-platform"
"filemanip","0.3.6.3","https://src.fedoraproject.org/rpms/ghc-filemanip"
"filepath","1.4.2.1","https://src.fedoraproject.org/rpms/ghc"
"filepath-bytestring","1.4.2.1.6","https://src.fedoraproject.org/rpms/ghc-filepath-bytestring"
"filepattern","0.1.2","https://src.fedoraproject.org/rpms/ghc-filepattern"
"filestore","0.6.4","https://src.fedoraproject.org/rpms/ghc-filestore"
"fingertree","0.1.4.2","https://src.fedoraproject.org/rpms/ghc-fingertree"
"fixed","0.3","https://src.fedoraproject.org/rpms/ghc-fixed"
"foldl","1.4.6","https://src.fedoraproject.org/rpms/ghc-foldl"
"foundation","0.0.25","https://src.fedoraproject.org/rpms/ghc-foundation"
"free","5.1.3","https://src.fedoraproject.org/rpms/ghc-free"
"fsnotify","0.3.0.1","https://src.fedoraproject.org/rpms/ghc-fsnotify"
"generic-deriving","1.13.1","https://src.fedoraproject.org/rpms/ghc-generic-deriving"
"generics-sop","0.5.1.0","https://src.fedoraproject.org/rpms/ghc-generics-sop"
"geniplate-mirror","0.7.6","https://src.fedoraproject.org/rpms/Agda"
"ghc","8.8.4","https://src.fedoraproject.org/rpms/ghc"
"ghc-boot","8.8.4","https://src.fedoraproject.org/rpms/ghc"
"ghc-boot-th","8.8.4","https://src.fedoraproject.org/rpms/ghc"
"ghc-compact","0.1.0.0","https://src.fedoraproject.org/rpms/ghc"
"ghc-heap","8.8.4","https://src.fedoraproject.org/rpms/ghc"
"ghc-lib-parser","8.10.2.20200808","https://src.fedoraproject.org/rpms/ghc-ghc-lib-parser"
"ghc-lib-parser-ex","8.10.0.15","https://src.fedoraproject.org/rpms/hlint"
"ghc-mtl","1.2.1.0","https://src.fedoraproject.org/rpms/ghc-ghc-mtl"
"ghc-paths","0.1.0.12","https://src.fedoraproject.org/rpms/ghc-ghc-paths"
"ghc-syb-utils","0.3.0.0","https://src.fedoraproject.org/rpms/ghc-ghc-syb-utils"
"ghci","8.8.4","https://src.fedoraproject.org/rpms/ghc"
"ghcid","0.8.7","https://src.fedoraproject.org/rpms/ghcid"
"gi-atk","2.0.22","https://src.fedoraproject.org/rpms/ghc-gi-atk"
"gi-cairo","1.0.24","https://src.fedoraproject.org/rpms/ghc-gi-cairo"
"gi-gdk","3.0.23","https://src.fedoraproject.org/rpms/ghc-gi-gdk"
"gi-gdkpixbuf","2.0.24","https://src.fedoraproject.org/rpms/ghc-gi-gdkpixbuf"
"gi-gio","2.0.27","https://src.fedoraproject.org/rpms/ghc-gi-gio"
"gi-glib","2.0.24","https://src.fedoraproject.org/rpms/ghc-gi-glib"
"gi-gobject","2.0.25","https://src.fedoraproject.org/rpms/ghc-gi-gobject"
"gi-gtk","3.0.36","https://src.fedoraproject.org/rpms/ghc-gi-gtk"
"gi-harfbuzz","0.0.3","https://src.fedoraproject.org/rpms/ghc-gi-pango"
"gi-pango","1.0.23","https://src.fedoraproject.org/rpms/ghc-gi-pango"
"gio","0.13.8.1","https://src.fedoraproject.org/rpms/ghc-gio"
"git-annex","8.20210428","https://src.fedoraproject.org/rpms/git-annex"
"git-lfs","1.1.0","https://src.fedoraproject.org/rpms/ghc-git-lfs"
"git-repair","1.20200504","https://src.fedoraproject.org/rpms/git-repair"
"githash","0.1.4.0","https://src.fedoraproject.org/rpms/ghc-optparse-simple"
"gitit","0.13.0.0","https://src.fedoraproject.org/rpms/gitit"
"gitrev","1.3.1","https://src.fedoraproject.org/rpms/ghc-gitrev"
"glib","0.13.8.1","https://src.fedoraproject.org/rpms/ghc-glib"
"graphviz","2999.20.0.4","https://src.fedoraproject.org/rpms/darcs"
"gtk","0.15.5","https://src.fedoraproject.org/rpms/ghc-gtk"
"gtk2hs-buildtools","0.13.8.0","https://src.fedoraproject.org/rpms/gtk2hs-buildtools"
"gtk3","0.15.5","https://src.fedoraproject.org/rpms/ghc-gtk3"
"hackage-security","0.6.0.1","https://src.fedoraproject.org/rpms/ghc-hackage-security"
"haddock-library","1.8.0","https://src.fedoraproject.org/rpms/ghc-haddock-library"
"hadolint","1.18.2","https://src.fedoraproject.org/rpms/hadolint"
"hakyll","4.13.4.0","https://src.fedoraproject.org/rpms/ghc-hakyll"
"half","0.3","https://src.fedoraproject.org/rpms/ghc-half"
"happstack-server","7.6.1","https://src.fedoraproject.org/rpms/ghc-happstack-server"
"happy","1.19.12","https://src.fedoraproject.org/rpms/happy"
"hashable","1.3.0.0","https://src.fedoraproject.org/rpms/ghc-hashable"
"hashtables","1.2.3.4","https://src.fedoraproject.org/rpms/ghc-hashtables"
"haskeline","0.7.5.0","https://src.fedoraproject.org/rpms/ghc"
"haskell-gi","0.24.7","https://src.fedoraproject.org/rpms/ghc-haskell-gi"
"haskell-gi-base","0.24.5","https://src.fedoraproject.org/rpms/ghc-haskell-gi-base"
"haskell-lexer","1.1","https://src.fedoraproject.org/rpms/ghc-haskell-lexer"
"haskell-src-exts","1.23.1","https://src.fedoraproject.org/rpms/ghc-haskell-src-exts"
"haskell-src-exts-util","0.2.5","https://src.fedoraproject.org/rpms/ghc-haskell-src-exts-util"
"haskell-src-meta","0.8.5","https://src.fedoraproject.org/rpms/ghc-haskell-src-meta"
"haxr","3000.11.4.1","https://src.fedoraproject.org/rpms/ghc-haxr"
"heaps","0.3.6.1","https://src.fedoraproject.org/rpms/shake"
"hgettext","0.1.31.0","https://src.fedoraproject.org/rpms/ghc-hgettext"
"hi-file-parser","0.1.0.0","https://src.fedoraproject.org/rpms/haskell-platform"
"highlighting-kate","0.6.4","https://src.fedoraproject.org/rpms/ghc-highlighting-kate"
"hinotify","0.4","https://src.fedoraproject.org/rpms/ghc-hinotify"
"hint","0.9.0.3","https://src.fedoraproject.org/rpms/ghc-hint"
"hjsmin","0.2.0.4","https://src.fedoraproject.org/rpms/ghc-hjsmin"
"hledger","1.18.1","https://src.fedoraproject.org/rpms/hledger"
"hledger-lib","1.18.1","https://src.fedoraproject.org/rpms/ghc-hledger-lib"
"hledger-ui","1.18.1","https://src.fedoraproject.org/rpms/hledger-ui"
"hledger-web","1.18.1","https://src.fedoraproject.org/rpms/hledger-web"
"hlint","3.1.6","https://src.fedoraproject.org/rpms/hlint"
"hoauth2","1.14.0","https://src.fedoraproject.org/rpms/ghc-hoauth2"
"hosc","0.18.1","https://src.fedoraproject.org/rpms/ghc-hosc"
"hostname","1.0","https://src.fedoraproject.org/rpms/ghc-hostname"
"hourglass","0.2.12","https://src.fedoraproject.org/rpms/ghc-hourglass"
"hpack","0.34.2","https://src.fedoraproject.org/rpms/haskell-platform"
"hpc","0.6.0.3","https://src.fedoraproject.org/rpms/ghc"
"hs-bibutils","6.10.0.0","https://src.fedoraproject.org/rpms/ghc-hs-bibutils"
"hscolour","1.24.4","https://src.fedoraproject.org/rpms/hscolour"
"hslogger","1.3.1.0","https://src.fedoraproject.org/rpms/ghc-hslogger"
"hslua","1.0.3.2","https://src.fedoraproject.org/rpms/ghc-hslua"
"hslua-module-system","0.2.1","https://src.fedoraproject.org/rpms/pandoc"
"hslua-module-text","0.2.1","https://src.fedoraproject.org/rpms/ghc-hslua-module-text"
"hspec","2.7.1","https://src.fedoraproject.org/rpms/ghc-hspec"
"hspec-core","2.7.1","https://src.fedoraproject.org/rpms/ghc-hspec-core"
"hspec-discover","2.7.1","https://src.fedoraproject.org/rpms/ghc-hspec-discover"
"hspec-expectations","0.8.2","https://src.fedoraproject.org/rpms/ghc-hspec-expectations"
"html","1.0.1.2","https://src.fedoraproject.org/rpms/ghc-html"
"html-conduit","1.3.2.1","https://src.fedoraproject.org/rpms/ghc-html-conduit"
"htoml","1.0.0.3","https://src.fedoraproject.org/rpms/ghc-htoml"
"http-api-data","0.4.1.1","https://src.fedoraproject.org/rpms/ghc-http-api-data"
"http-client","0.6.4.1","https://src.fedoraproject.org/rpms/ghc-http-client"
"http-client-openssl","0.3.1.0","https://src.fedoraproject.org/rpms/ghc-http-client-openssl"
"http-client-restricted","0.0.3","https://src.fedoraproject.org/rpms/ghc-http-client-restricted"
"http-client-tls","0.3.5.3","https://src.fedoraproject.org/rpms/ghc-http-client-tls"
"http-common","0.8.2.1","https://src.fedoraproject.org/rpms/ghc-http-common"
"http-conduit","2.3.7.3","https://src.fedoraproject.org/rpms/ghc-http-conduit"
"http-date","0.0.8","https://src.fedoraproject.org/rpms/ghc-http-date"
"http-directory","0.1.8","https://src.fedoraproject.org/rpms/ghc-http-directory"
"http-download","0.2.0.0","https://src.fedoraproject.org/rpms/haskell-platform"
"http-media","0.8.0.0","https://src.fedoraproject.org/rpms/ghc-http-media"
"http-query","0.1.0","https://src.fedoraproject.org/rpms/ghc-http-query"
"http-streams","0.8.7.2","https://src.fedoraproject.org/rpms/ghc-http-streams"
"http-types","0.12.3","https://src.fedoraproject.org/rpms/ghc-http-types"
"http2","2.0.5","https://src.fedoraproject.org/rpms/ghc-http2"
"hxt","9.3.1.18","https://src.fedoraproject.org/rpms/ghc-hxt"
"hxt-charproperties","9.4.0.0","https://src.fedoraproject.org/rpms/ghc-hxt-charproperties"
"hxt-regex-xmlschema","9.2.0.3","https://src.fedoraproject.org/rpms/ghc-hxt-regex-xmlschema"
"hxt-unicode","9.0.2.4","https://src.fedoraproject.org/rpms/ghc-hxt-unicode"
"idris","1.3.3","https://src.fedoraproject.org/rpms/idris"
"ieee754","0.8.0","https://src.fedoraproject.org/rpms/ghc-ieee754"
"indents","0.5.0.1","https://src.fedoraproject.org/rpms/ghc-indents"
"indexed-profunctors","0.1","https://src.fedoraproject.org/rpms/ghc-cabal-helper"
"indexed-traversable","0.1.1","https://src.fedoraproject.org/rpms/ghc-indexed-traversable"
"infer-license","0.2.0","https://src.fedoraproject.org/rpms/ghc-infer-license"
"integer-logarithms","1.0.3","https://src.fedoraproject.org/rpms/ghc-integer-logarithms"
"invariant","0.5.3","https://src.fedoraproject.org/rpms/ghc-kan-extensions"
"io-streams","1.5.1.0","https://src.fedoraproject.org/rpms/ghc-io-streams"
"io-streams-haproxy","1.0.1.0","https://src.fedoraproject.org/rpms/ghc-snap-server"
"iproute","1.7.9","https://src.fedoraproject.org/rpms/ghc-iproute"
"ipynb","0.1.0.1","https://src.fedoraproject.org/rpms/pandoc"
"iso8601-time","0.1.5","https://src.fedoraproject.org/rpms/ghc-iso8601-time"
"jira-wiki-markup","1.1.4","https://src.fedoraproject.org/rpms/pandoc"
"js-dgtable","0.5.2","https://src.fedoraproject.org/rpms/shake"
"js-flot","0.8.3","https://src.fedoraproject.org/rpms/ghc-js-flot"
"js-jquery","3.3.1","https://src.fedoraproject.org/rpms/ghc-js-jquery"
"json","0.10","https://src.fedoraproject.org/rpms/ghc-json"
"kan-extensions","5.2","https://src.fedoraproject.org/rpms/ghc-kan-extensions"
"koji","0.0.1","https://src.fedoraproject.org/rpms/ghc-koji"
"language-c","0.8.3","https://src.fedoraproject.org/rpms/ghc-language-c"
"language-docker","9.1.2","https://src.fedoraproject.org/rpms/ghc-language-docker"
"language-ecmascript","0.19.1.0","https://src.fedoraproject.org/rpms/ghc-language-ecmascript"
"language-java","0.2.9","https://src.fedoraproject.org/rpms/ghc-language-java"
"language-javascript","0.7.1.0","https://src.fedoraproject.org/rpms/ghc-language-javascript"
"lazysmallcheck","0.6","https://src.fedoraproject.org/rpms/ghc-lazysmallcheck"
"lens","4.18.1","https://src.fedoraproject.org/rpms/ghc-lens"
"lens-aeson","1.1","https://src.fedoraproject.org/rpms/ghc-lens-aeson"
"lens-family-core","2.0.0","https://src.fedoraproject.org/rpms/ghc-lens-family-core"
"libffi","0.1","https://src.fedoraproject.org/rpms/ghc-libffi"
"libiserv","8.8.4","https://src.fedoraproject.org/rpms/ghc"
"libmpd","0.9.1.0","https://src.fedoraproject.org/rpms/ghc-libmpd"
"libxml-sax","0.7.5","https://src.fedoraproject.org/rpms/ghc-libxml-sax"
"libyaml","0.1.1.0","https://src.fedoraproject.org/rpms/ghc-yaml"
"lifted-async","0.10.0.6","https://src.fedoraproject.org/rpms/ghc-shelly"
"lifted-base","0.2.3.12","https://src.fedoraproject.org/rpms/ghc-lifted-base"
"listsafe","0.1.0.1","https://src.fedoraproject.org/rpms/ghc-listsafe"
"logging-facade","0.3.0","https://src.fedoraproject.org/rpms/ghc-logging-facade"
"logict","0.7.0.2","https://src.fedoraproject.org/rpms/ghc-logict"
"lrucache","1.2.0.1","https://src.fedoraproject.org/rpms/ghc-lrucache"
"lsfrom","0.1","https://src.fedoraproject.org/rpms/lsfrom"
"lucid","2.9.12","https://src.fedoraproject.org/rpms/hledger"
"lukko","0.1.1.2","https://src.fedoraproject.org/rpms/ghc-lukko"
"lzma","0.0.0.3","https://src.fedoraproject.org/rpms/ghc-lzma-conduit"
"lzma-conduit","1.2.1","https://src.fedoraproject.org/rpms/ghc-lzma-conduit"
"maccatcher","2.1.5","https://src.fedoraproject.org/rpms/ghc-maccatcher"
"magic","1.1","https://src.fedoraproject.org/rpms/ghc-magic"
"managed","1.0.7","https://src.fedoraproject.org/rpms/ghc-managed"
"math-functions","0.3.4.0","https://src.fedoraproject.org/rpms/ghc-math-functions"
"megaparsec","8.0.0","https://src.fedoraproject.org/rpms/ghc-megaparsec"
"memory","0.15.0","https://src.fedoraproject.org/rpms/ghc-memory"
"microlens","0.4.11.2","https://src.fedoraproject.org/rpms/ghc-microlens"
"microlens-ghc","0.4.12","https://src.fedoraproject.org/rpms/ghc-microlens-ghc"
"microlens-mtl","0.2.0.1","https://src.fedoraproject.org/rpms/ghc-microlens-mtl"
"microlens-platform","0.4.1","https://src.fedoraproject.org/rpms/ghc-microlens-platform"
"microlens-th","0.4.3.5","https://src.fedoraproject.org/rpms/ghc-microlens-th"
"microstache","1.0.1.1","https://src.fedoraproject.org/rpms/ghc-microstache"
"mime-types","0.1.0.9","https://src.fedoraproject.org/rpms/ghc-mime-types"
"mintty","0.1.2","https://src.fedoraproject.org/rpms/haskell-platform"
"mmap","0.5.9","https://src.fedoraproject.org/rpms/ghc-mmap"
"mmorph","1.1.3","https://src.fedoraproject.org/rpms/ghc-mmorph"
"mockery","0.3.5","https://src.fedoraproject.org/rpms/ghc-mockery"
"modern-uri","0.3.2.0","https://src.fedoraproject.org/rpms/ghc-modern-uri"
"monad-control","1.0.2.3","https://src.fedoraproject.org/rpms/ghc-monad-control"
"monad-journal","0.8.1","https://src.fedoraproject.org/rpms/ghc-monad-journal"
"monad-logger","0.3.34","https://src.fedoraproject.org/rpms/ghc-monad-logger"
"monad-loops","0.4.3","https://src.fedoraproject.org/rpms/ghc-monad-loops"
"monad-par","0.3.5","https://src.fedoraproject.org/rpms/ghc-monad-par"
"monad-par-extras","0.3.3","https://src.fedoraproject.org/rpms/ghc-monad-par-extras"
"monads-tf","0.1.0.3","https://src.fedoraproject.org/rpms/ghc-monads-tf"
"mono-traversable","1.0.15.1","https://src.fedoraproject.org/rpms/ghc-mono-traversable"
"mountpoints","1.0.2","https://src.fedoraproject.org/rpms/ghc-mountpoints"
"mtl","2.2.2","https://src.fedoraproject.org/rpms/ghc"
"mtlparse","0.1.4.0","https://src.fedoraproject.org/rpms/ghc-mtlparse"
"murmur-hash","0.1.0.9","https://src.fedoraproject.org/rpms/Agda"
"mustache","2.3.1","https://src.fedoraproject.org/rpms/haskell-platform"
"mwc-random","0.14.0.0","https://src.fedoraproject.org/rpms/ghc-mwc-random"
"nanospec","0.2.2","https://src.fedoraproject.org/rpms/ghc-nanospec"
"natural-transformation","0.4","https://src.fedoraproject.org/rpms/ghc-natural-transformation"
"neat-interpolation","0.3.2.6","https://src.fedoraproject.org/rpms/haskell-platform"
"netlink","1.1.1.0","https://src.fedoraproject.org/rpms/xmobar"
"netlist","0.3.1","https://src.fedoraproject.org/rpms/ghc-netlist"
"netlist-to-vhdl","0.3.3","https://src.fedoraproject.org/rpms/ghc-netlist-to-vhdl"
"network","3.1.1.1","https://src.fedoraproject.org/rpms/ghc-network"
"network-bsd","2.8.1.0","https://src.fedoraproject.org/rpms/ghc-network-bsd"
"network-byte-order","0.1.5","https://src.fedoraproject.org/rpms/ghc-network-byte-order"
"network-info","0.2.0.10","https://src.fedoraproject.org/rpms/ghc-network-info"
"network-multicast","0.3.2","https://src.fedoraproject.org/rpms/ghc-network-multicast"
"network-uri","2.6.3.0","https://src.fedoraproject.org/rpms/ghc-network-uri"
"newtype-generics","0.5.3","https://src.fedoraproject.org/rpms/ghc-MemoTrie"
"numbers","3000.2.0.2","https://src.fedoraproject.org/rpms/ghc-numbers"
"oeis","0.3.10","https://src.fedoraproject.org/rpms/ghc-oeis"
"old-locale","1.0.0.7","https://src.fedoraproject.org/rpms/ghc-old-locale"
"old-time","1.1.0.3","https://src.fedoraproject.org/rpms/ghc-old-time"
"open-browser","0.2.1.0","https://src.fedoraproject.org/rpms/haskell-platform"
"openssl-streams","1.2.2.0","https://src.fedoraproject.org/rpms/ghc-openssl-streams"
"optics-core","0.2","https://src.fedoraproject.org/rpms/ghc-cabal-helper"
"optional-args","1.0.2","https://src.fedoraproject.org/rpms/ghc-optional-args"
"optparse-applicative","0.15.1.0","https://src.fedoraproject.org/rpms/ghc-optparse-applicative"
"optparse-simple","0.1.1.2","https://src.fedoraproject.org/rpms/ghc-optparse-simple"
"ormolu","0.1.3.0","https://src.fedoraproject.org/rpms/ormolu"
"pagure-cli","0.2","https://src.fedoraproject.org/rpms/pagure-cli"
"pandoc","2.9.2.1","https://src.fedoraproject.org/rpms/pandoc"
"pandoc-citeproc","0.17.0.1","https://src.fedoraproject.org/rpms/pandoc-citeproc"
"pandoc-types","1.20","https://src.fedoraproject.org/rpms/ghc-pandoc-types"
"pango","0.13.8.1","https://src.fedoraproject.org/rpms/ghc-pango"
"pantry","0.4.0.2","https://src.fedoraproject.org/rpms/haskell-platform"
"parallel","3.2.2.0","https://src.fedoraproject.org/rpms/ghc-parallel"
"parsec","3.1.14.0","https://src.fedoraproject.org/rpms/ghc"
"parsec-numbers","0.1.0","https://src.fedoraproject.org/rpms/ghc-parsec-numbers"
"parser-combinators","1.2.1","https://src.fedoraproject.org/rpms/ghc-parser-combinators"
"parsers","0.12.10","https://src.fedoraproject.org/rpms/ghc-parsers"
"patat","0.8.6.1","https://src.fedoraproject.org/rpms/patat"
"path","0.7.1","https://src.fedoraproject.org/rpms/ghc-path"
"path-io","1.6.0","https://src.fedoraproject.org/rpms/ghc-path-io"
"path-pieces","0.2.1","https://src.fedoraproject.org/rpms/ghc-path-pieces"
"pattern-arrows","0.0.2","https://src.fedoraproject.org/rpms/ghc-pattern-arrows"
"pcap","0.4.5.2","https://src.fedoraproject.org/rpms/ghc-pcap"
"pcre-light","0.4.1.0","https://src.fedoraproject.org/rpms/ghc-pcre-light"
"pem","0.2.4","https://src.fedoraproject.org/rpms/ghc-pem"
"persistent","2.10.5.2","https://src.fedoraproject.org/rpms/ghc-persistent"
"persistent-sqlite","2.10.6.2","https://src.fedoraproject.org/rpms/ghc-persistent-sqlite"
"persistent-template","2.8.2.3","https://src.fedoraproject.org/rpms/ghc-persistent-template"
"pipes","4.3.13","https://src.fedoraproject.org/rpms/ghc-pipes"
"pkgtreediff","0.4","https://src.fedoraproject.org/rpms/pkgtreediff"
"polyparse","1.13","https://src.fedoraproject.org/rpms/ghc-polyparse"
"prelude-extras","0.4.0.3","https://src.fedoraproject.org/rpms/ghc-prelude-extras"
"pretty","1.1.3.6","https://src.fedoraproject.org/rpms/ghc"
"pretty-hex","1.1","https://src.fedoraproject.org/rpms/xmobar"
"pretty-show","1.10","https://src.fedoraproject.org/rpms/ghc-pretty-show"
"pretty-simple","3.2.3.0","https://src.fedoraproject.org/rpms/ghc-pretty-simple"
"pretty-terminal","0.1.0.0","https://src.fedoraproject.org/rpms/ghc-pretty-terminal"
"prettyprinter","1.6.2","https://src.fedoraproject.org/rpms/ghc-prettyprinter"
"prettyprinter-ansi-terminal","1.1.1.2","https://src.fedoraproject.org/rpms/ghc-prettyprinter-ansi-terminal"
"primitive","0.7.0.1","https://src.fedoraproject.org/rpms/ghc-primitive"
"process","1.6.9.0","https://src.fedoraproject.org/rpms/ghc"
"profunctors","5.5.2","https://src.fedoraproject.org/rpms/ghc-profunctors"
"project-template","0.2.1.0","https://src.fedoraproject.org/rpms/haskell-platform"
"protolude","0.3.0","https://src.fedoraproject.org/rpms/ghc-protolude"
"psqueues","0.2.7.2","https://src.fedoraproject.org/rpms/ghc-psqueues"
"publicsuffixlist","0.1","https://src.fedoraproject.org/rpms/ghc-publicsuffixlist"
"pureMD5","2.1.3","https://src.fedoraproject.org/rpms/ghc-pureMD5"
"quickcheck-io","0.2.0","https://src.fedoraproject.org/rpms/ghc-quickcheck-io"
"random","1.1","https://src.fedoraproject.org/rpms/ghc-random"
"ranges","0.2.4","https://src.fedoraproject.org/rpms/ghc-ranges"
"readable","0.3.1","https://src.fedoraproject.org/rpms/ghc-snap-core"
"readline","1.0.3.0","https://src.fedoraproject.org/rpms/ghc-readline"
"recaptcha","0.1.0.4","https://src.fedoraproject.org/rpms/ghc-recaptcha"
"reducers","3.12.3","https://src.fedoraproject.org/rpms/ghc-reducers"
"refact","0.3.0.2","https://src.fedoraproject.org/rpms/ghc-refact"
"reflection","2.1.6","https://src.fedoraproject.org/rpms/ghc-reflection"
"regex-applicative","0.3.3.1","https://src.fedoraproject.org/rpms/darcs"
"regex-applicative-text","0.1.0.1","https://src.fedoraproject.org/rpms/haskell-platform"
"regex-base","0.94.0.0","https://src.fedoraproject.org/rpms/ghc-regex-base"
"regex-compat","0.95.2.0","https://src.fedoraproject.org/rpms/ghc-regex-compat"
"regex-compat-tdfa","0.95.1.4","https://src.fedoraproject.org/rpms/darcs"
"regex-pcre","0.95.0.0","https://src.fedoraproject.org/rpms/ghc-regex-pcre"
"regex-posix","0.96.0.0","https://src.fedoraproject.org/rpms/ghc-regex-posix"
"regex-tdfa","1.3.1.0","https://src.fedoraproject.org/rpms/ghc-regex-tdfa"
"regexpr","0.5.4","https://src.fedoraproject.org/rpms/ghc-regexpr"
"relude","0.7.0.0","https://src.fedoraproject.org/rpms/ghc-relude"
"repline","0.2.2.0","https://src.fedoraproject.org/rpms/ghc-repline"
"req","3.2.0","https://src.fedoraproject.org/rpms/ghc-req"
"resolv","0.1.2.0","https://src.fedoraproject.org/rpms/ghc-resolv"
"resource-pool","0.2.3.2","https://src.fedoraproject.org/rpms/ghc-resource-pool"
"resourcet","1.2.4.2","https://src.fedoraproject.org/rpms/ghc-resourcet"
"retry","0.8.1.2","https://src.fedoraproject.org/rpms/haskell-platform"
"rfc5051","0.1.0.4","https://src.fedoraproject.org/rpms/ghc-rfc5051"
"rhbzquery","0.4.3","https://src.fedoraproject.org/rpms/rhbzquery"
"rio","0.1.17.0","https://src.fedoraproject.org/rpms/ghc-rio"
"rio-orphans","0.1.1.0","https://src.fedoraproject.org/rpms/haskell-platform"
"rio-prettyprint","0.1.0.0","https://src.fedoraproject.org/rpms/ghc-rio-prettyprint"
"rosezipper","0.2","https://src.fedoraproject.org/rpms/ghc-rosezipper"
"rpm-nvr","0.1.0","https://src.fedoraproject.org/rpms/ghc-rpm-nvr"
"rpmbuild-order","0.4.5","https://src.fedoraproject.org/rpms/rpmbuild-order"
"safe","0.3.19","https://src.fedoraproject.org/rpms/ghc-safe"
"safe-exceptions","0.1.7.0","https://src.fedoraproject.org/rpms/ghc-tar-conduit"
"sandi","0.5","https://src.fedoraproject.org/rpms/ghc-sandi"
"scientific","0.3.6.2","https://src.fedoraproject.org/rpms/ghc-scientific"
"scotty","0.11.6","https://src.fedoraproject.org/rpms/ghc-scotty"
"securemem","0.1.10","https://src.fedoraproject.org/rpms/ghc-securemem"
"semialign","1.1","https://src.fedoraproject.org/rpms/ghc-cabal-helper"
"semigroupoids","5.3.4","https://src.fedoraproject.org/rpms/ghc-semigroupoids"
"semigroups","0.19.1","https://src.fedoraproject.org/rpms/ghc-semigroups"
"semver","0.3.4","https://src.fedoraproject.org/rpms/ghc-semver"
"sendfile","0.7.11.1","https://src.fedoraproject.org/rpms/ghc-sendfile"
"serialise","0.2.3.0","https://src.fedoraproject.org/rpms/ghc-serialise"
"servant","0.16.2","https://src.fedoraproject.org/rpms/ghc-servant"
"servant-client","0.16.0.1","https://src.fedoraproject.org/rpms/ghc-servant-client"
"servant-client-core","0.16","https://src.fedoraproject.org/rpms/ghc-servant-client-core"
"servant-foreign","0.15","https://src.fedoraproject.org/rpms/ghc-servant-foreign"
"servant-options","0.1.0.0","https://src.fedoraproject.org/rpms/ghc-servant-options"
"servant-server","0.16.2","https://src.fedoraproject.org/rpms/ghc-servant-server"
"setenv","0.1.1.3","https://src.fedoraproject.org/rpms/ghc-setenv"
"setlocale","1.0.0.9","https://src.fedoraproject.org/rpms/ghc-setlocale"
"shake","0.19.1","https://src.fedoraproject.org/rpms/shake"
"shakespeare","2.0.24.1","https://src.fedoraproject.org/rpms/ghc-shakespeare"
"shelly","1.9.0","https://src.fedoraproject.org/rpms/ghc-shelly"
"show","0.6","https://src.fedoraproject.org/rpms/ghc-show"
"silently","1.2.5.1","https://src.fedoraproject.org/rpms/ghc-silently"
"simple-cabal","0.1.3","https://src.fedoraproject.org/rpms/ghc-simple-cabal"
"simple-cmd","0.2.2","https://src.fedoraproject.org/rpms/ghc-simple-cmd"
"simple-cmd-args","0.1.6","https://src.fedoraproject.org/rpms/ghc-simple-cmd-args"
"simple-sendfile","0.2.30","https://src.fedoraproject.org/rpms/ghc-simple-sendfile"
"singleton-bool","0.1.5","https://src.fedoraproject.org/rpms/ghc-servant"
"skein","1.0.9.4","https://src.fedoraproject.org/rpms/ghc-skein"
"skylighting","0.8.5","https://src.fedoraproject.org/rpms/ghc-skylighting"
"skylighting-core","0.8.5","https://src.fedoraproject.org/rpms/ghc-skylighting"
"smallcheck","1.1.7","https://src.fedoraproject.org/rpms/ghc-smallcheck"
"snap-core","1.0.4.1","https://src.fedoraproject.org/rpms/ghc-snap-core"
"snap-server","1.1.1.2","https://src.fedoraproject.org/rpms/ghc-snap-server"
"socks","0.6.1","https://src.fedoraproject.org/rpms/ghc-socks"
"sop-core","0.5.0.1","https://src.fedoraproject.org/rpms/ghc-generics-sop"
"sourcemap","0.1.6.1","https://src.fedoraproject.org/rpms/ghc-sourcemap"
"split","0.2.3.4","https://src.fedoraproject.org/rpms/ghc-split"
"splitmix","0.0.5","https://src.fedoraproject.org/rpms/ghc-QuickCheck"
"stack","2.3.3","https://src.fedoraproject.org/rpms/haskell-platform"
"statistics","0.15.2.0","https://src.fedoraproject.org/rpms/ghc-statistics"
"stm","2.5.0.0","https://src.fedoraproject.org/rpms/ghc"
"stm-chans","3.0.0.4","https://src.fedoraproject.org/rpms/ghc-stm-chans"
"streaming-commons","0.2.1.2","https://src.fedoraproject.org/rpms/ghc-streaming-commons"
"strict","0.3.2","https://src.fedoraproject.org/rpms/ghc-strict"
"string-conversions","0.4.0.1","https://src.fedoraproject.org/rpms/ghc-string-conversions"
"string-qq","0.0.4","https://src.fedoraproject.org/rpms/ghc-string-qq"
"stringbuilder","0.5.1","https://src.fedoraproject.org/rpms/ghc-stringbuilder"
"stringsearch","0.3.6.6","https://src.fedoraproject.org/rpms/ghc-stringsearch"
"syb","0.7.1","https://src.fedoraproject.org/rpms/ghc-syb"
"system-fileio","0.3.16.4","https://src.fedoraproject.org/rpms/ghc-system-fileio"
"system-filepath","0.4.14","https://src.fedoraproject.org/rpms/ghc-system-filepath"
"tabular","0.2.2.7","https://src.fedoraproject.org/rpms/ghc-tabular"
"tagged","0.8.6","https://src.fedoraproject.org/rpms/ghc-tagged"
"tagsoup","0.14.8","https://src.fedoraproject.org/rpms/ghc-tagsoup"
"tar","0.5.1.1","https://src.fedoraproject.org/rpms/ghc-tar"
"tar-conduit","0.3.2","https://src.fedoraproject.org/rpms/ghc-tar-conduit"
"tart","0.3","https://src.fedoraproject.org/rpms/tart"
"tasty","1.2.3","https://src.fedoraproject.org/rpms/ghc-tasty"
"tasty-hunit","0.10.0.2","https://src.fedoraproject.org/rpms/ghc-tasty-hunit"
"tasty-kat","0.0.3","https://src.fedoraproject.org/rpms/ghc-tasty-kat"
"tasty-quickcheck","0.10.1.1","https://src.fedoraproject.org/rpms/ghc-tasty-quickcheck"
"tasty-rerun","1.1.17","https://src.fedoraproject.org/rpms/ghc-tasty-rerun"
"template-haskell","2.15.0.0","https://src.fedoraproject.org/rpms/ghc"
"temporary","1.3","https://src.fedoraproject.org/rpms/ghc-temporary"
"terminal-size","0.3.2.1","https://src.fedoraproject.org/rpms/ghc-terminal-size"
"terminfo","0.4.1.4","https://src.fedoraproject.org/rpms/ghc"
"texmath","0.12.0.2","https://src.fedoraproject.org/rpms/ghc-texmath"
"text","1.2.4.0","https://src.fedoraproject.org/rpms/ghc"
"text-conversions","0.3.0","https://src.fedoraproject.org/rpms/ghc-doctemplates"
"text-manipulate","0.2.0.1","https://src.fedoraproject.org/rpms/ghc-text-manipulate"
"text-metrics","0.3.0","https://src.fedoraproject.org/rpms/ghc-text-metrics"
"text-short","0.1.3","https://src.fedoraproject.org/rpms/ghc-text-short"
"text-zipper","0.10.1","https://src.fedoraproject.org/rpms/ghc-text-zipper"
"tf-random","0.5","https://src.fedoraproject.org/rpms/ghc-tf-random"
"th-abstraction","0.3.2.0","https://src.fedoraproject.org/rpms/ghc-th-abstraction"
"th-expand-syns","0.4.6.0","https://src.fedoraproject.org/rpms/ghc-th-expand-syns"
"th-lift","0.8.1","https://src.fedoraproject.org/rpms/ghc-th-lift"
"th-lift-instances","0.1.17","https://src.fedoraproject.org/rpms/ghc-th-lift-instances"
"th-orphans","0.13.10","https://src.fedoraproject.org/rpms/ghc-th-orphans"
"th-reify-many","0.1.9","https://src.fedoraproject.org/rpms/ghc-th-reify-many"
"these","1.1","https://src.fedoraproject.org/rpms/ghc-cabal-helper"
"threads","0.5.1.6","https://src.fedoraproject.org/rpms/ghc-threads"
"tidal","1.6.1","https://src.fedoraproject.org/rpms/ghc-tidal"
"time","1.9.3","https://src.fedoraproject.org/rpms/ghc"
"time-compat","1.9.3","https://src.fedoraproject.org/rpms/ghc-time-compat"
"time-locale-compat","0.1.1.5","https://src.fedoraproject.org/rpms/ghc-time-locale-compat"
"time-manager","0.0.0","https://src.fedoraproject.org/rpms/ghc-time-manager"
"timeit","2.0","https://src.fedoraproject.org/rpms/ghc-hledger-lib"
"tls","1.5.4","https://src.fedoraproject.org/rpms/ghc-tls"
"tls-session-manager","0.0.4","https://src.fedoraproject.org/rpms/ghc-tls-session-manager"
"topograph","1.0.0.1","https://src.fedoraproject.org/rpms/ghc-cabal-helper"
"torrent","10000.1.1","https://src.fedoraproject.org/rpms/ghc-torrent"
"transformers","0.5.6.2","https://src.fedoraproject.org/rpms/ghc"
"transformers-base","0.4.5.2","https://src.fedoraproject.org/rpms/ghc-transformers-base"
"transformers-compat","0.6.5","https://src.fedoraproject.org/rpms/ghc-transformers-compat"
"turtle","1.5.19","https://src.fedoraproject.org/rpms/ghc-turtle"
"type-equality","1","https://src.fedoraproject.org/rpms/ghc-shelly"
"typed-process","0.2.6.0","https://src.fedoraproject.org/rpms/ghc-typed-process"
"uglymemo","0.1.0.1","https://src.fedoraproject.org/rpms/ghc-uglymemo"
"unbounded-delays","0.1.1.0","https://src.fedoraproject.org/rpms/ghc-unbounded-delays"
"unicode-transforms","0.3.6","https://src.fedoraproject.org/rpms/ghc-unicode-transforms"
"union-find","0.2","https://src.fedoraproject.org/rpms/ghc-union-find"
"uniplate","1.6.12","https://src.fedoraproject.org/rpms/ghc-uniplate"
"unix","2.7.2.2","https://src.fedoraproject.org/rpms/ghc"
"unix-compat","0.5.2","https://src.fedoraproject.org/rpms/ghc-unix-compat"
"unix-time","0.4.7","https://src.fedoraproject.org/rpms/ghc-unix-time"
"unlambda","0.1.4.2","https://src.fedoraproject.org/rpms/unlambda"
"unliftio","0.2.13","https://src.fedoraproject.org/rpms/ghc-unliftio"
"unliftio-core","0.1.2.0","https://src.fedoraproject.org/rpms/ghc-unliftio-core"
"unordered-containers","0.2.10.0","https://src.fedoraproject.org/rpms/ghc-unordered-containers"
"uri","0.1.6.5","https://src.fedoraproject.org/rpms/ghc-uri"
"uri-bytestring","0.3.2.2","https://src.fedoraproject.org/rpms/ghc-uri-bytestring"
"uri-bytestring-aeson","0.1.0.8","https://src.fedoraproject.org/rpms/ghc-uri-bytestring-aeson"
"uri-encode","1.5.0.6","https://src.fedoraproject.org/rpms/ghc-uri-encode"
"url","2.1.3","https://src.fedoraproject.org/rpms/ghc-url"
"utf8-light","0.4.2","https://src.fedoraproject.org/rpms/ghc-utf8-light"
"utf8-string","1.0.1.1","https://src.fedoraproject.org/rpms/ghc-utf8-string"
"utility-ht","0.0.15","https://src.fedoraproject.org/rpms/hledger"
"uuid","1.3.13","https://src.fedoraproject.org/rpms/ghc-uuid"
"uuid-types","1.0.3","https://src.fedoraproject.org/rpms/ghc-uuid-types"
"vault","0.3.1.4","https://src.fedoraproject.org/rpms/ghc-vault"
"vector","0.12.1.2","https://src.fedoraproject.org/rpms/ghc-vector"
"vector-algorithms","0.8.0.3","https://src.fedoraproject.org/rpms/ghc-vector-algorithms"
"vector-binary-instances","0.2.5.1","https://src.fedoraproject.org/rpms/ghc-vector-binary-instances"
"vector-builder","0.3.8","https://src.fedoraproject.org/rpms/ghc-vector-builder"
"vector-space","0.16","https://src.fedoraproject.org/rpms/ghc-vector-space"
"vector-th-unbox","0.2.1.7","https://src.fedoraproject.org/rpms/ghc-vector-th-unbox"
"void","0.7.3","https://src.fedoraproject.org/rpms/ghc-void"
"vty","5.28.2","https://src.fedoraproject.org/rpms/ghc-vty"
"wai","3.2.2.1","https://src.fedoraproject.org/rpms/ghc-wai"
"wai-app-static","3.1.7.1","https://src.fedoraproject.org/rpms/ghc-wai-app-static"
"wai-cors","0.2.7","https://src.fedoraproject.org/rpms/ghc-wai-cors"
"wai-extra","3.0.29.2","https://src.fedoraproject.org/rpms/ghc-wai-extra"
"wai-handler-launch","3.0.3.1","https://src.fedoraproject.org/rpms/ghc-wai-handler-launch"
"wai-logger","2.3.6","https://src.fedoraproject.org/rpms/ghc-wai-logger"
"wai-websockets","3.0.1.2","https://src.fedoraproject.org/rpms/ghc-wai-websockets"
"warp","3.3.13","https://src.fedoraproject.org/rpms/ghc-warp"
"warp-tls","3.2.12","https://src.fedoraproject.org/rpms/ghc-warp-tls"
"wcwidth","0.0.2","https://src.fedoraproject.org/rpms/ghc-tasty"
"websockets","0.12.7.1","https://src.fedoraproject.org/rpms/ghc-websockets"
"with-location","0.1.0","https://src.fedoraproject.org/rpms/ghc-with-location"
"wizards","1.0.3","https://src.fedoraproject.org/rpms/ghc-wizards"
"wl-pprint","1.2.1","https://src.fedoraproject.org/rpms/ghc-wl-pprint"
"wl-pprint-text","1.2.0.1","https://src.fedoraproject.org/rpms/darcs"
"word-wrap","0.4.1","https://src.fedoraproject.org/rpms/ghc-word-wrap"
"word8","0.1.3","https://src.fedoraproject.org/rpms/ghc-word8"
"wreq","0.5.3.2","https://src.fedoraproject.org/rpms/ghc-wreq"
"x509","1.7.5","https://src.fedoraproject.org/rpms/ghc-x509"
"x509-store","1.6.7","https://src.fedoraproject.org/rpms/ghc-x509-store"
"x509-system","1.6.6","https://src.fedoraproject.org/rpms/ghc-x509-system"
"x509-validation","1.6.11","https://src.fedoraproject.org/rpms/ghc-x509-validation"
"xdg-basedir","0.2.2","https://src.fedoraproject.org/rpms/ghc-xdg-basedir"
"xdg-userdirs","0.1.0.2","https://src.fedoraproject.org/rpms/ghc-xdg-userdirs"
"xhtml","3000.2.2.1","https://src.fedoraproject.org/rpms/ghc"
"xml","1.3.14","https://src.fedoraproject.org/rpms/ghc-xml"
"xml-conduit","1.9.0.0","https://src.fedoraproject.org/rpms/ghc-xml-conduit"
"xml-hamlet","0.5.0.1","https://src.fedoraproject.org/rpms/ghc-xml-hamlet"
"xml-types","0.3.7","https://src.fedoraproject.org/rpms/ghc-xml-types"
"xmobar","0.36","https://src.fedoraproject.org/rpms/xmobar"
"xmonad","0.15","https://src.fedoraproject.org/rpms/xmonad"
"xmonad-contrib","0.16","https://src.fedoraproject.org/rpms/ghc-xmonad-contrib"
"xss-sanitize","0.3.6","https://src.fedoraproject.org/rpms/ghc-xss-sanitize"
"yaml","0.11.4.0","https://src.fedoraproject.org/rpms/ghc-yaml"
"yesod","1.6.0.2","https://src.fedoraproject.org/rpms/ghc-yesod"
"yesod-core","1.6.18","https://src.fedoraproject.org/rpms/ghc-yesod-core"
"yesod-form","1.6.7","https://src.fedoraproject.org/rpms/ghc-yesod-form"
"yesod-persistent","1.6.0.4","https://src.fedoraproject.org/rpms/ghc-yesod-persistent"
"yesod-static","1.6.1.0","https://src.fedoraproject.org/rpms/ghc-yesod-static"
"zip-archive","0.4.1","https://src.fedoraproject.org/rpms/ghc-zip-archive"
"zlib","0.6.2.1","https://src.fedoraproject.org/rpms/ghc-zlib"
"zlib-bindings","0.1.1.5","https://src.fedoraproject.org/rpms/ghc-zlib-bindings"